{"cameraMode":{"drawMode":0,"name":"Shaded","section":"Shading Mode"},"sceneLighting":false,"audioPlay":false,"sceneViewState":{"m_AlwaysRefresh":false,"showFog":false,"showSkybox":false,"showFlares":false,"showImageEffects":false,"showParticleSystems":false,"showVisualEffectGraphs":true,"m_FxEnabled":true},"in2DMode":false,"pivot":{"x":-0.0015723705291748047,"y":0.701991617679596,"z":-0.583998441696167},"rotation":{"x":0.019465049728751184,"y":0.9724470973014832,"z":-0.2152252495288849,"w":0.08805503696203232},"size":1.3372313976287842,"orthographic":false}