{"cameraMode":{"drawMode":0,"name":"Shaded","section":"Shading Mode"},"sceneLighting":false,"audioPlay":false,"sceneViewState":{"m_AlwaysRefresh":false,"showFog":true,"showSkybox":false,"showFlares":true,"showImageEffects":true,"showParticleSystems":true,"showVisualEffectGraphs":true,"m_FxEnabled":true},"in2DMode":false,"pivot":{"x":0.09475374221801758,"y":0.8295435905456543,"z":0.7341263294219971},"rotation":{"x":0.09281791746616364,"y":0.9023138880729675,"z":-0.24421311914920808,"w":0.34304288029670718},"size":1.3713793754577637,"orthographic":false}