{"cameraMode":{"drawMode":0,"name":"Shaded","section":"Shading Mode"},"sceneLighting":true,"audioPlay":false,"sceneViewState":{"m_AlwaysRefresh":false,"showFog":true,"showSkybox":true,"showFlares":true,"showImageEffects":true,"showParticleSystems":true,"showVisualEffectGraphs":true,"m_FxEnabled":false},"in2DMode":false,"pivot":{"x":-1.282273292541504,"y":-15.116949081420899,"z":-13.229791641235352},"rotation":{"x":0.04539863392710686,"y":-0.9545396566390991,"z":0.20226508378982545,"w":0.21424782276153565},"size":21.16907501220703,"orthographic":false}