{"cameraMode":{"drawMode":0,"name":"Shaded","section":"Shading Mode"},"sceneLighting":false,"audioPlay":false,"sceneViewState":{"m_AlwaysRefresh":false,"showFog":false,"showSkybox":false,"showFlares":false,"showImageEffects":false,"showParticleSystems":false,"showVisualEffectGraphs":true,"m_FxEnabled":false},"in2DMode":false,"pivot":{"x":0.22792348265647889,"y":1.3797651529312134,"z":1.1834269762039185},"rotation":{"x":0.0051055410876870159,"y":-0.9885880351066589,"z":0.14669087529182435,"w":0.034408941864967349},"size":0.1140013337135315,"orthographic":false}